refinements, degree, vmult_avg_wall, smoother_avg_wall
          2,      2,    0.000100122,        0.00250419
          2,      3,    0.000233108,        0.00567352
          2,      4,    0.000543322,        0.0165828
          2,      7,    0.00399982 ,        0.0704391
          3,      2,    0.000848536,        0.0333027
          3,      3,    0.00325592 ,        0.0808689
          3,      4,    0.00774692 ,        0.225517
          3,      7,    0.0340591  ,        0.654177
          4,      2,    0.012069   ,        0.118705
          4,      3,    0.0309944  ,        0.208363
          4,      4,    0.0634879  ,        0.488645
          4,      7,    0.276543   ,        1.18314
          5,      2,    0.0949483  ,        0.25847
          5,      3,    0.24577    ,        0.466634
          5,      4,    0.520095   ,        1.20382
          5,      7,    2.38881    ,        4.43776
