refinements,degree,dofs,mem_bytes,vmult_avg_wall,smoother_avg_wall
2,2,4913,2581014,9.65616e-5,0.0021753
2,3,15625,5161366,0.000232266,0.00475952
2,4,35937,13902004,0.000553518,0.0141106
2,7,185193,41297460,0.00399355,0.0588584
3,2,35937,19726226,0.000866816,0.02929
3,3,117649,40134218,0.00333682,0.0718794
3,4,274625,108938786,0.00792515,0.203427
3,7,1442897,325629098,0.0342213,0.587168
4,2,274625,155838134,0.0120269,0.10456
4,3,912673,318009342,0.03087,0.199864
4,4,2146689,865356944,0.06453,0.433498
4,7,11390625,2586959008,0.281859,1.0551
5,2,2146689,1241143858,0.0938256,0.244064
5,3,7189057,2533752754,0.244892,0.448236
5,4,16974593,6901943550,0.510694,1.22363
5,7,90518849,20622346134,2.41051,4.29152
